<?xml version="1.0" encoding="UTF-8"?>
<beans xmlns="http://www.springframework.org/schema/beans"
	xmlns:xsi="http://www.w3.org/2001/XMLSchema-instance"
	xmlns:context="http://www.springframework.org/schema/context"
	xmlns:tx="http://www.springframework.org/schema/tx"
	xsi:schemaLocation="http://www.springframework.org/schema/beans http://www.springframework.org/schema/beans/spring-beans.xsd
		http://www.springframework.org/schema/context http://www.springframework.org/schema/context/spring-context-4.3.xsd
		http://www.springframework.org/schema/tx http://www.springframework.org/schema/tx/spring-tx-4.3.xsd">

  <!-- mybatis 연동 -->
  <!-- 1. jdbc.properties 등록 -->
  <context:property-placeholder location="classpath:com/config/jdbc.properties"/>

  <!-- 2. DBCP2 등록 -->
  <bean id="dataSource" class="org.apache.commons.dbcp2.BasicDataSource">
    <property name="driverClassName" value="${jdbc.oracle}" />
    <property name="url" value="${jdbc.url}" />
    <property name="username" value="${jdbc.userid}" />
    <property name="password" value="${jdbc.passwd}" />
  </bean>
  
  
  <!--  트랜잭션 처리 -->
  <bean id="txManager" class="org.springframework.jdbc.datasource.DataSourceTransactionManager">
        <!-- (this dependency is defined somewhere else) -->
        <property name="dataSource" ref="dataSource"/>
   </bean>
    <tx:annotation-driven transaction-manager="txManager"/>
  
  
  <!-- 3. SqlSessionFactoryBean 등록 -->
  <bean id="sessionFactory" class="org.mybatis.spring.SqlSessionFactoryBean">
    <property name="dataSource" ref="dataSource" />
    <property name="mapperLocations">
      <list>
		<value>classpath:com/config/DeptMapper.xml</value>      
      </list>
    </property>
    <property name="typeAliases">
      <list>
        <value>com.dto.DeptDTO</value>
      </list>
    </property>
  </bean>
  
  <!-- 4. SqlSessionTemplate 등록 -->
  <bean id="sessionTemplate" class="org.mybatis.spring.SqlSessionTemplate">
     <constructor-arg name="sqlSessionFactory" ref="sessionFactory" />
  </bean>
  <!-- mybatis 연동 -->
  <context:component-scan base-package="com.*" />

</beans>
